quarter,revenue,expenses,profit,product_sold,average_price,total_customers,customer_satisfaction,region,sales_team_size
Q1,50.15,6.57,43.58,70,79.82,56,45,Asia,88
Q1,2.28,24.81,-22.53,22,91.24,62,2,Europe,12
Q4,81.63,20.51,61.12,87,97.52,59,34,Europe,72
Q2,67.92,40.99,26.93,72,52.33,50,46,Europe,49
Q1,97.1,55.12,41.98,10,38.61,17,17,South America,28
Q2,15.53,40.76,-25.23,8,49.81,97,77,Asia,11
Q3,88.56,58.4,30.16,12,90.5,18,11,Europe,3
Q2,62.95,46.89,16.06,2,85.57,46,19,South America,8
Q4,0.74,84.2,-83.46,45,92.31,92,19,South America,1
Q1,74.21,46.81,27.4,90,31.75,87,44,South America,48
Q3,7.73,40.53,-32.8,38,83.63,3,76,Europe,59
Q3,0.58,17.54,-16.96,66,43.98,87,9,South America,85
Q4,97.89,63.22,34.67,22,38.72,65,98,Europe,21
Q3,62.81,88.73,-25.92,73,8.32,34,59,North America,65
Q4,35.98,69.75,-33.77,27,62.93,97,65,North America,39
Q2,76.4,99.14,-22.74,97,6.48,42,1,South America,99
Q4,52.38,60.41,-8.03,83,33.95,95,36,Asia,64
Q1,49.06,58.27,-9.21,56,60.74,40,86,North America,83
Q2,20.83,47.04,-26.21,83,74.81,78,53,South America,85
Q1,24.34,67.49,-43.15,61,74.07,91,21,Asia,10
Q1,2.06,87.52,-85.46,88,19.41,20,82,North America,97
Q2,10.38,3.98,6.4,9,32.65,22,77,Asia,99
Q3,56.56,82.05,-25.49,97,36.24,29,24,Asia,67
Q1,83.55,88.21,-4.66,79,45.83,19,87,Asia,18
Q2,48.84,15.07,33.77,6,66.71,57,64,North America,27
Q2,97.87,38.8,59.07,68,32.83,73,6,South America,3
Q1,52.01,9.3,42.71,42,95.02,23,74,South America,58
Q3,16.99,63.59,-46.6,4,98.82,48,28,Asia,10
Q1,7.65,49.11,-41.46,28,61.3,41,39,North America,20
Q4,88.22,74.36,13.86,23,35.97,65,50,South America,32
Q3,59.56,92.59,-33.03,10,67.69,43,14,North America,45
Q3,59.49,27.08,32.41,89,76.32,10,27,Europe,2
Q2,33.81,63.04,-29.23,43,31.47,73,3,Asia,85
Q4,72.97,85.58,-12.61,51,64.4,6,57,Asia,87
Q2,20.52,97.55,-77.03,88,9.15,27,39,North America,58
Q2,99.36,21.29,78.07,74,77.89,54,91,Europe,93
Q3,67.99,67.91,0.08,28,91.78,81,49,Asia,52
Q3,50.52,43.46,7.06,56,21.16,12,62,Asia,26
Q2,14.06,48.53,-34.47,18,36.85,79,48,South America,61
Q1,37.11,49.54,-12.43,50,52.88,58,2,Asia,27
Q2,46.68,56.97,-10.29,50,24.41,95,41,Europe,29
Q2,93.0,2.6,90.4,22,75.49,88,45,North America,44
Q4,82.76,34.5,48.26,97,38.32,92,42,South America,81
Q2,80.22,85.42,-5.2,30,30.75,14,19,North America,58
Q1,37.72,76.42,-38.7,44,47.4,43,44,North America,19
Q3,39.94,91.5,-51.56,15,26.73,21,65,South America,30
Q2,26.93,48.59,-21.66,29,36.6,54,62,Asia,21
Q1,59.2,24.44,34.76,57,19.08,66,31,Europe,34
Q4,88.46,40.8,47.66,67,92.99,37,24,North America,95
Q1,66.42,9.1,57.32,28,91.81,57,96,North America,20
Q2,93.24,57.11,36.13,74,25.91,80,22,South America,83
Q1,96.94,61.11,35.83,27,45.13,88,84,Asia,15
Q1,59.24,81.45,-22.21,81,91.79,8,55,South America,16
Q2,23.37,45.03,-21.66,47,91.55,4,28,Europe,99
Q2,27.47,5.51,21.96,65,58.08,89,42,Europe,43
Q2,80.86,38.99,41.87,88,40.02,38,12,North America,55
Q4,87.72,65.8,21.92,5,40.65,20,30,North America,37
Q4,56.64,61.71,-5.07,79,83.39,10,81,Asia,42
Q1,18.02,23.09,-5.07,4,5.58,98,46,Europe,62
Q2,29.11,12.6,16.51,62,49.71,5,35,South America,17
Q2,49.48,86.43,-36.95,65,7.93,66,98,South America,0
Q2,96.35,54.35,42.0,30,57.29,74,97,South America,0
Q2,32.43,0.46,31.97,57,60.94,51,13,Asia,90
Q4,41.17,49.19,-8.02,80,23.93,52,3,Asia,38
Q2,63.55,88.09,-24.54,50,89.74,1,49,South America,14
Q1,62.94,7.51,55.43,85,93.21,53,6,South America,91
Q3,44.24,68.18,-23.94,31,68.21,54,60,Europe,82
Q2,28.77,89.81,-61.04,84,92.87,15,27,Asia,34
Q1,77.51,72.85,4.66,82,18.12,25,50,Asia,30
Q1,25.18,51.35,-26.17,15,5.17,97,65,South America,37
Q3,23.84,33.56,-9.72,42,79.69,84,4,North America,39
Q3,85.97,84.67,1.3,29,52.75,12,11,South America,14
Q4,25.68,27.68,-2.0,3,76.89,48,60,North America,86
Q3,87.68,19.9,67.78,26,55.23,20,17,South America,43
Q4,64.18,80.02,-15.84,63,76.21,54,28,Europe,84
Q3,91.78,79.31,12.47,23,60.15,24,65,Asia,6
Q2,19.61,42.62,-23.01,56,74.16,10,85,South America,33
Q2,98.08,70.64,27.44,53,6.19,66,56,Europe,41
Q2,30.81,62.16,-31.35,60,52.74,30,90,South America,93
Q2,14.32,89.22,-74.9,99,57.91,3,77,North America,12
Q1,53.63,64.51,-10.88,41,2.3,90,18,Europe,71
Q2,40.28,53.49,-13.21,59,64.12,1,39,Asia,32
Q3,42.5,24.37,18.13,64,6.37,54,17,North America,57
Q2,72.61,30.6,42.01,19,83.15,17,19,North America,70
Q4,4.16,10.98,-6.82,81,32.0,75,11,South America,2
Q2,81.31,67.74,13.57,87,0.71,32,47,North America,89
Q2,29.64,26.34,3.3,85,8.11,17,92,South America,28
Q2,16.33,22.28,-5.95,69,19.77,58,67,North America,49
Q3,80.71,67.72,12.99,25,48.86,96,52,North America,70
Q3,7.4,57.44,-50.04,1,53.76,89,27,North America,81
Q2,54.04,65.3,-11.26,29,90.45,36,41,Asia,41
Q4,9.41,45.04,-35.63,13,72.56,73,86,North America,28
Q3,73.59,5.73,67.86,94,75.84,80,98,North America,92
Q1,6.02,24.51,-18.49,75,70.34,18,65,South America,100
Q1,45.88,65.51,-19.63,93,79.82,98,77,Europe,48
Q1,51.09,74.17,-23.08,90,83.48,84,30,South America,93
Q4,84.55,6.52,78.03,20,53.55,28,38,South America,22
Q1,48.24,66.91,-18.67,90,66.44,10,53,Europe,35
Q2,94.76,10.17,84.59,97,52.96,29,51,North America,31
Q4,60.75,38.01,22.74,0,48.38,18,71,South America,25
Q1,32.78,73.56,-40.78,45,62.14,58,38,Europe,72
Q1,5.94,61.59,-55.65,88,64.14,89,1,Europe,88
Q4,83.58,17.02,66.56,85,14.15,39,82,Europe,67
Q4,74.41,54.38,20.03,18,82.14,17,11,Asia,4
Q1,55.41,35.37,20.04,88,65.3,17,0,Europe,35
Q3,37.54,91.14,-53.6,73,65.4,4,98,South America,33
Q1,83.11,51.73,31.38,35,85.0,0,39,South America,39
Q3,59.2,77.12,-17.92,18,94.16,17,75,Asia,68
Q4,48.67,85.47,-36.8,78,24.35,55,18,South America,95
Q1,78.87,48.12,30.75,9,60.46,62,55,North America,7
Q3,90.53,97.96,-7.43,99,24.22,77,69,North America,23
Q3,32.96,36.57,-3.61,60,25.47,2,32,North America,47
Q4,70.15,69.18,0.97,95,75.04,32,100,Asia,85
Q2,85.98,48.29,37.69,81,51.9,42,85,Europe,90
Q3,35.73,34.03,1.7,99,63.06,41,32,Europe,83
Q3,16.36,8.39,7.97,49,81.23,68,50,Asia,29
Q1,68.71,38.13,30.58,65,96.13,7,76,North America,85
Q2,2.59,75.87,-73.28,17,15.19,48,100,Asia,11
Q4,50.67,18.47,32.2,4,67.34,81,13,Asia,65
Q1,84.79,45.78,39.01,8,87.78,6,27,North America,78
Q3,30.82,86.28,-55.46,44,24.2,67,16,Europe,17
Q2,45.37,42.61,2.76,42,8.61,30,55,South America,76
Q2,58.17,73.85,-15.68,13,50.82,3,73,South America,73
Q2,20.11,65.82,-45.71,46,31.24,22,52,Asia,46
Q4,51.67,6.82,44.85,86,91.13,64,84,South America,71
Q2,93.29,89.62,3.67,31,12.81,11,50,Europe,20
Q1,76.47,12.19,64.28,44,9.46,91,70,South America,37
Q1,31.59,65.54,-33.95,22,56.37,68,94,North America,35
Q4,57.39,71.95,-14.56,77,32.33,82,56,South America,85
Q1,94.57,55.5,39.07,46,52.19,5,7,North America,77
Q1,93.29,24.6,68.69,16,99.44,71,4,North America,88
Q2,21.85,14.44,7.41,69,37.97,40,51,South America,26
Q3,15.39,0.91,14.48,99,77.09,43,9,Asia,23
Q4,94.57,96.05,-1.48,29,94.14,15,30,Europe,87
Q4,43.5,56.11,-12.61,95,61.32,20,62,Europe,25
Q1,49.52,44.71,4.81,16,13.63,97,56,South America,87
Q2,11.2,40.92,-29.72,58,41.18,21,36,Asia,1
Q1,21.95,10.78,11.17,100,10.93,79,56,South America,10
Q1,77.81,53.2,24.61,91,42.27,98,4,North America,66
Q1,67.62,71.06,-3.44,88,20.23,7,45,Asia,2
Q3,89.71,96.23,-6.52,66,44.41,96,89,North America,36
Q4,93.47,23.68,69.79,73,81.66,94,23,Europe,66
Q3,97.28,50.14,47.14,75,28.48,63,5,South America,48
Q1,93.31,53.57,39.74,66,89.37,52,65,Europe,49
Q3,84.25,25.59,58.66,82,58.42,65,11,Europe,53
Q3,6.22,64.05,-57.83,23,37.03,83,44,Europe,29
Q2,60.82,75.6,-14.78,76,48.69,93,48,Europe,50
Q3,44.88,47.63,-2.75,66,85.05,16,30,North America,4
Q1,99.87,50.63,49.24,70,4.81,8,96,Europe,40
Q1,83.95,17.13,66.82,55,24.96,89,36,North America,79
Q3,48.47,63.18,-14.71,97,89.41,97,17,South America,21
Q1,24.16,56.5,-32.34,60,26.18,77,69,North America,28
Q4,61.95,6.68,55.27,11,96.5,64,42,Asia,64
Q3,38.93,78.25,-39.32,27,78.36,13,23,Europe,39
Q3,74.93,83.83,-8.9,85,55.82,60,28,North America,54
Q4,26.59,95.47,-68.88,15,36.75,65,34,Asia,61
Q1,93.06,36.38,56.68,65,95.11,78,71,South America,63
Q4,54.75,42.89,11.86,58,70.3,91,76,North America,24
Q1,74.09,40.45,33.64,21,59.16,63,75,Europe,24
Q4,53.28,25.5,27.78,56,40.05,44,6,North America,46
Q4,71.79,29.42,42.37,29,72.11,66,57,North America,3
Q4,60.23,33.54,26.69,91,72.84,31,34,North America,70
Q4,75.47,86.8,-11.33,70,39.13,53,67,South America,99
Q3,13.45,4.94,8.51,31,96.97,86,74,North America,46
Q1,14.54,39.71,-25.17,55,97.43,46,22,South America,16
Q1,94.6,81.33,13.27,88,0.81,29,50,Europe,35
Q2,81.67,58.88,22.79,27,25.09,36,44,North America,29
Q2,26.39,8.08,18.31,88,5.47,48,10,Europe,72
Q3,7.19,13.46,-6.27,60,26.08,9,85,North America,12
Q2,52.64,64.76,-12.12,33,97.92,25,56,North America,100
Q4,94.28,45.1,49.18,14,38.8,24,85,Europe,92
Q4,45.7,80.79,-35.09,23,56.89,38,72,Asia,24
Q3,34.44,47.22,-12.78,80,69.22,39,63,South America,79
Q1,73.5,0.35,73.15,32,66.56,23,32,Europe,97
Q4,75.02,34.45,40.57,94,77.19,32,9,North America,52
Q3,49.92,41.46,8.46,64,92.81,62,88,South America,84
Q1,4.45,52.54,-48.09,25,77.55,87,40,North America,85
Q2,12.18,68.97,-56.79,75,36.86,65,28,South America,41
Q4,75.97,52.23,23.74,12,21.42,74,49,South America,62
Q4,84.88,47.68,37.2,72,88.17,37,39,South America,29
Q4,80.32,80.16,0.16,73,52.38,28,70,Europe,52
Q3,69.06,93.9,-24.84,74,86.64,66,37,North America,22
Q3,98.96,58.57,40.39,4,5.85,12,37,Asia,41
Q4,81.16,36.85,44.31,57,84.68,41,87,Europe,54
Q4,86.04,18.66,67.38,48,33.71,76,41,Europe,62
Q4,3.39,34.65,-31.26,16,39.56,59,29,South America,76
Q2,58.18,64.57,-6.39,64,94.92,75,70,Asia,54
Q2,23.44,2.47,20.97,10,91.92,1,17,Europe,7
Q3,59.68,66.99,-7.31,8,6.2,91,73,North America,27
Q3,73.8,89.1,-15.3,51,51.28,99,24,South America,83
Q1,62.92,34.39,28.53,3,87.83,72,31,Europe,71
Q3,93.43,32.43,61.0,73,31.95,88,93,North America,32
Q1,42.13,63.4,-21.27,52,79.33,14,38,South America,45
Q4,96.25,53.46,42.79,77,54.08,64,28,South America,54
Q1,32.02,49.95,-17.93,21,56.17,18,82,Asia,33
Q3,78.25,88.12,-9.87,3,63.56,71,71,Asia,60
Q4,1.67,10.89,-9.22,16,96.38,38,46,South America,40
Q4,86.02,99.58,-13.56,9,67.36,74,20,Asia,77
Q4,46.11,37.38,8.73,60,34.82,30,11,Europe,69
Q4,39.37,46.78,-7.41,4,0.95,79,65,Asia,80
Q3,31.69,5.79,25.9,36,88.38,62,92,Asia,1
Q2,2.55,84.17,-81.62,0,79.52,61,75,South America,77
Q3,45.1,99.58,-54.48,54,39.79,32,91,South America,3
Q1,92.33,92.76,-0.43,52,24.84,58,16,Europe,91
Q3,82.61,37.03,45.58,29,52.2,76,60,Asia,8
Q3,43.29,66.16,-22.87,41,94.28,49,26,North America,88
Q1,31.43,23.85,7.58,95,81.76,6,87,North America,48
Q3,82.47,6.88,75.59,29,34.55,38,29,South America,92
Q2,91.55,11.42,80.13,53,20.87,90,64,North America,67
Q1,94.23,1.61,92.62,25,39.24,48,32,Asia,75
Q2,17.19,74.58,-57.39,38,70.11,8,32,Asia,64
Q2,37.57,14.29,23.28,36,39.86,61,79,Asia,28
Q2,37.87,75.12,-37.25,7,82.29,92,41,South America,33
Q1,32.16,87.3,-55.14,65,56.45,30,11,Asia,13
Q2,41.86,76.1,-34.24,33,26.32,19,19,Europe,57
Q4,77.19,83.45,-6.26,98,49.85,1,65,Europe,18
Q4,45.7,40.51,5.19,49,0.12,13,25,Asia,9
Q1,55.55,38.37,17.18,77,11.35,65,10,South America,10
Q4,12.59,97.78,-85.19,94,79.52,85,29,North America,31
Q2,12.84,44.42,-31.58,87,18.31,83,21,South America,37
Q3,11.16,1.89,9.27,80,6.55,72,57,South America,85
Q2,16.3,17.03,-0.73,51,87.47,92,97,South America,17
Q2,96.18,3.43,92.75,97,91.16,70,32,South America,8
Q4,43.67,72.2,-28.53,53,88.76,67,74,South America,62
Q2,7.08,52.93,-45.85,62,8.31,91,78,North America,59
Q2,69.16,38.69,30.47,64,86.46,40,48,Asia,4
Q4,13.84,53.32,-39.48,16,46.73,92,31,North America,16
Q1,81.77,4.44,77.33,26,22.67,81,63,South America,10
Q4,91.43,90.68,0.75,70,29.07,93,18,Asia,76
Q2,44.73,11.98,32.75,71,12.47,10,87,Asia,78
Q2,8.62,32.82,-24.2,24,17.43,26,13,Europe,99
Q3,87.36,32.55,54.81,67,26.12,78,84,South America,94
Q1,42.0,7.1,34.9,84,1.87,79,98,Asia,48
Q4,84.55,59.68,24.87,8,50.45,79,32,North America,18
Q3,59.88,64.89,-5.01,59,49.93,66,13,Asia,85
Q1,97.8,56.03,41.77,99,28.09,45,39,South America,32
Q2,84.15,79.92,4.23,95,41.23,7,77,Europe,7
Q4,9.86,43.69,-33.83,62,3.82,48,20,North America,0
Q3,6.22,27.36,-21.14,17,22.21,91,40,North America,81
Q4,11.04,28.06,-17.02,25,97.8,44,65,Asia,12
Q3,92.11,5.43,86.68,7,47.01,93,6,North America,29
Q1,75.44,22.13,53.31,67,23.84,50,61,North America,14
Q2,12.74,88.03,-75.29,9,88.62,26,83,North America,56
Q1,74.76,8.46,66.3,45,81.5,66,48,South America,76
Q4,23.25,55.54,-32.29,94,93.68,10,46,Asia,54
Q2,16.38,24.58,-8.2,57,15.66,100,22,Europe,93
Q3,24.52,30.94,-6.42,15,49.14,7,29,Asia,94
Q1,10.06,96.55,-86.49,50,79.25,49,69,South America,67
Q1,7.29,90.84,-83.55,98,63.13,24,20,Asia,39
Q1,70.03,51.5,18.53,8,63.81,82,57,North America,25
Q1,68.62,82.49,-13.87,77,45.49,87,84,Asia,99
Q4,33.32,23.5,9.82,40,76.51,60,97,North America,38
Q3,24.3,44.45,-20.15,80,8.42,93,91,North America,17
Q3,80.95,36.9,44.05,73,95.34,63,53,North America,11
Q4,42.25,30.13,12.12,56,83.78,5,35,North America,10
Q1,11.32,45.25,-33.93,30,20.5,93,15,Asia,72
Q1,13.33,77.94,-64.61,10,85.18,24,53,Asia,33
Q4,84.52,86.04,-1.52,49,88.38,89,69,North America,41
Q1,50.43,1.03,49.4,85,81.82,92,70,Asia,57
Q1,53.22,41.6,11.62,28,25.09,100,62,South America,43
Q2,91.68,40.76,50.92,75,9.8,91,2,North America,2
Q3,13.97,61.77,-47.8,52,0.11,58,31,Europe,63
Q1,92.28,23.3,68.98,4,82.92,97,39,Europe,97
Q3,82.87,70.07,12.8,96,79.72,61,98,North America,7
Q4,77.98,42.24,35.74,24,91.47,79,84,South America,11
Q1,80.64,9.77,70.87,85,85.03,100,85,North America,25
Q1,46.29,43.13,3.16,84,39.73,92,93,South America,44
Q2,6.43,23.26,-16.83,91,17.52,46,26,Europe,9
Q1,31.01,24.44,6.57,29,81.79,63,21,Asia,39
Q1,28.9,57.71,-28.81,39,16.4,80,77,South America,57
Q2,92.01,16.5,75.51,28,28.18,31,99,South America,18
Q1,13.27,97.35,-84.08,11,6.2,91,8,North America,53
Q4,60.24,65.84,-5.6,35,3.82,19,25,Europe,82
Q2,10.23,12.34,-2.11,4,32.15,93,77,South America,53
Q2,85.28,75.69,9.59,23,66.15,14,75,Asia,30
Q2,60.12,52.97,7.15,38,80.7,83,73,South America,50
Q3,14.22,59.81,-45.59,55,80.5,84,10,South America,8
Q4,30.18,51.52,-21.34,54,92.65,10,60,Europe,12
Q1,29.42,12.22,17.2,15,15.49,69,40,Europe,47
Q2,63.67,81.26,-17.59,50,3.58,23,15,South America,16
Q4,7.66,90.61,-82.95,86,86.56,57,66,South America,55
Q4,53.29,0.52,52.77,82,85.55,40,47,Asia,72
Q3,60.57,53.11,7.46,41,24.39,98,42,Europe,98
Q2,55.74,6.02,49.72,53,51.09,12,72,Asia,10
Q1,18.27,41.89,-23.62,47,33.57,43,18,South America,31
Q3,97.82,12.0,85.82,18,77.3,49,47,North America,60
Q1,2.48,0.47,2.01,9,16.05,60,84,North America,78
Q2,9.24,47.35,-38.11,10,86.07,2,0,Europe,79
Q1,10.52,31.75,-21.23,69,45.11,43,45,North America,72
Q4,22.4,35.89,-13.49,65,53.03,49,13,Asia,37
Q2,2.52,49.71,-47.19,58,30.35,72,22,Europe,91
Q1,4.02,39.18,-35.16,75,36.49,60,9,Asia,58
Q4,50.34,5.25,45.09,97,55.13,33,3,Asia,64
Q2,80.32,8.56,71.76,20,17.65,12,63,North America,78
Q1,29.92,64.73,-34.81,67,23.53,87,9,Europe,2
Q4,50.2,5.82,44.38,22,15.44,78,95,North America,70
Q4,29.26,64.85,-35.59,17,71.04,91,88,Europe,93
Q4,56.42,3.18,53.24,7,72.74,21,90,Europe,34
Q4,88.97,11.3,77.67,7,43.19,41,69,North America,75
Q4,55.61,61.28,-5.67,41,97.73,86,66,South America,54
Q4,58.47,37.11,21.36,77,9.82,21,23,Europe,33
Q1,14.77,45.37,-30.6,100,15.24,68,67,Europe,57
Q3,34.83,13.42,21.41,90,58.75,74,69,South America,74
Q3,37.75,28.25,9.5,30,53.89,64,93,South America,57
Q4,54.04,35.42,18.62,38,81.35,44,92,Asia,94
Q3,95.53,79.07,16.46,87,74.23,87,21,Asia,53
Q1,60.7,17.12,43.58,66,26.82,79,47,Asia,94
Q1,66.1,83.22,-17.12,35,3.85,54,30,South America,8
Q2,5.76,45.52,-39.76,53,32.83,10,40,North America,98
Q1,55.79,90.0,-34.21,74,53.52,19,96,Asia,86
Q1,36.77,35.82,0.95,76,47.4,79,82,Asia,32
Q1,88.27,47.04,41.23,81,32.93,23,92,Asia,83
Q3,0.93,93.24,-92.31,48,44.97,73,42,North America,86
Q2,67.14,71.57,-4.43,59,31.83,38,47,South America,47
Q4,70.95,89.54,-18.59,82,70.32,4,15,South America,8
Q4,82.5,72.27,10.23,67,12.04,33,35,North America,76
Q4,64.26,39.1,25.16,54,36.87,34,39,Asia,50
Q3,73.14,40.37,32.77,11,89.25,23,29,South America,72
Q4,21.44,65.0,-43.56,89,41.69,61,23,Asia,92
Q4,58.19,93.5,-35.31,77,28.54,98,75,Europe,47
Q4,22.44,4.83,17.61,46,95.95,42,71,North America,88
Q1,76.91,3.23,73.68,71,83.55,75,94,Asia,46
Q3,86.05,83.3,2.75,36,43.2,3,48,North America,5
Q2,27.29,73.84,-46.55,44,72.82,59,84,Europe,89
Q3,39.56,8.3,31.26,56,43.8,14,99,Europe,89
Q4,92.61,21.34,71.27,34,80.91,87,18,North America,82
Q1,87.14,6.4,80.74,84,4.63,23,72,North America,90
Q2,51.34,29.61,21.73,82,62.45,48,43,North America,93
Q3,63.03,10.68,52.35,46,45.81,8,44,South America,44
Q4,35.94,54.48,-18.54,29,89.83,70,20,North America,64
Q2,22.17,11.66,10.51,72,91.77,89,16,South America,54
Q3,27.33,97.5,-70.17,13,80.99,53,15,North America,54
Q1,0.84,60.58,-59.74,88,47.15,13,34,Europe,3
Q1,21.62,78.56,-56.94,73,23.39,1,53,North America,37
Q3,64.97,71.08,-6.11,28,48.88,2,16,South America,11
Q4,76.45,56.89,19.56,19,41.49,59,73,North America,24
Q1,89.06,78.56,10.5,44,20.57,28,67,South America,48
Q2,12.21,74.34,-62.13,94,42.91,39,40,South America,30
Q1,66.85,15.9,50.95,42,15.22,71,5,North America,32
Q1,53.41,42.6,10.81,10,43.37,42,48,South America,14
Q1,11.6,90.84,-79.24,52,91.06,97,100,South America,85
Q3,75.97,39.34,36.63,18,10.14,73,17,Asia,25
Q2,46.87,64.76,-17.89,70,32.01,1,91,South America,87
Q2,85.22,68.09,17.13,83,75.31,73,11,Asia,96
Q1,24.8,24.56,0.24,29,55.64,26,59,Europe,9
Q1,29.0,52.23,-23.23,86,7.53,84,100,South America,51
Q4,82.46,39.39,43.07,59,6.39,41,33,North America,50
Q2,45.88,38.23,7.65,26,85.73,18,89,South America,98
Q1,17.71,45.11,-27.4,86,55.91,68,59,South America,3
Q3,70.81,28.96,41.85,14,58.96,63,81,South America,77
Q4,88.54,85.2,3.34,22,13.53,62,10,South America,72
Q4,48.48,9.61,38.87,84,97.08,17,82,Europe,8
Q2,77.37,46.28,31.09,65,31.4,76,78,Asia,45
Q4,77.37,78.47,-1.1,49,25.19,54,92,Asia,1
Q1,57.12,53.71,3.41,93,74.89,63,35,Asia,29
Q3,60.46,94.44,-33.98,17,48.16,75,9,North America,80
Q2,14.4,10.35,4.05,92,99.09,44,46,Asia,23
Q3,98.28,49.67,48.61,45,41.42,58,82,Asia,19
Q2,44.7,21.48,23.22,85,77.97,97,91,North America,94
Q1,9.68,33.69,-24.01,8,11.55,15,28,North America,59
Q4,38.04,19.15,18.89,12,35.63,81,39,Europe,87
Q2,87.53,60.26,27.27,25,16.05,37,84,South America,16
Q3,8.24,16.67,-8.43,81,1.52,69,32,South America,38
Q3,6.02,81.75,-75.73,16,97.89,43,34,Europe,26
Q4,0.78,41.14,-40.36,97,86.79,70,20,Asia,22
Q1,66.84,38.97,27.87,7,72.65,65,62,North America,2
Q2,33.91,52.57,-18.66,20,74.91,98,95,North America,60
Q4,75.52,3.38,72.14,31,74.83,85,18,South America,38
Q3,61.06,13.79,47.27,58,50.62,79,83,North America,52
Q2,28.27,19.58,8.69,42,61.26,2,70,Europe,73
Q1,44.54,18.71,25.83,100,86.97,67,29,North America,74
Q2,94.86,13.79,81.07,14,15.32,75,51,South America,100
Q1,21.52,32.01,-10.49,41,42.4,86,9,North America,48
Q1,6.15,63.43,-57.28,62,76.69,80,31,South America,73
Q1,21.79,70.1,-48.31,4,24.52,67,42,Asia,94
Q1,42.6,32.6,10.0,14,32.87,40,53,Asia,0
Q4,88.12,32.49,55.63,40,33.83,95,67,Europe,29
Q4,66.75,92.86,-26.11,13,34.96,97,80,South America,53
Q3,92.85,39.47,53.38,100,60.76,37,17,South America,61
Q1,87.13,69.57,17.56,0,87.97,80,37,Asia,59
Q2,88.31,67.8,20.51,87,52.64,49,20,North America,41
Q3,86.73,36.07,50.66,50,20.93,63,40,North America,40
Q2,38.76,81.75,-42.99,97,98.78,80,85,North America,15
Q1,43.82,51.61,-7.79,64,62.37,88,48,South America,3
Q1,10.23,63.08,-52.85,63,97.84,41,45,Asia,17
Q2,28.13,5.37,22.76,33,69.68,14,15,Europe,59
Q1,52.02,87.4,-35.38,56,94.25,2,71,Europe,85
Q4,32.88,30.43,2.45,41,68.73,21,91,North America,64
Q4,87.7,63.87,23.83,11,80.12,61,90,Asia,23
Q1,72.02,85.93,-13.91,16,43.69,41,83,Europe,34
Q4,89.27,10.92,78.35,65,51.4,68,36,North America,61
Q4,93.91,13.98,79.93,41,31.9,72,100,Europe,78
Q2,49.12,47.39,1.73,73,90.0,83,39,South America,73
Q3,75.28,14.66,60.62,1,82.65,15,72,Asia,52
Q2,42.38,5.87,36.51,95,4.63,95,25,North America,47
Q4,67.89,39.33,28.56,40,18.24,27,26,Asia,86
Q1,5.2,47.78,-42.58,43,77.84,67,100,Europe,78
Q4,55.66,97.57,-41.91,82,12.06,84,65,Europe,42
Q1,77.65,47.88,29.77,64,8.94,35,18,Asia,83
Q2,17.52,81.81,-64.29,6,65.71,28,29,Europe,20
Q2,42.22,26.08,16.14,54,52.07,23,26,Asia,12
Q2,21.17,29.74,-8.57,18,89.65,73,81,Asia,97
Q4,55.23,63.58,-8.35,91,92.57,26,4,Asia,93
Q4,3.96,94.32,-90.36,11,92.67,31,40,North America,79
Q2,15.44,92.83,-77.39,55,70.64,9,34,Asia,23
Q3,44.44,71.93,-27.49,12,33.1,74,64,Asia,68
Q3,54.86,7.45,47.41,58,65.37,11,80,North America,8
Q1,45.69,4.27,41.42,100,11.83,51,35,Europe,92
Q3,91.85,44.65,47.2,72,9.04,21,20,Asia,2
Q3,41.46,98.38,-56.92,81,55.63,21,15,North America,14
Q2,67.77,82.72,-14.95,6,66.37,60,53,South America,3
Q3,26.19,62.55,-36.36,39,37.47,63,20,Europe,98
Q2,96.38,88.95,7.43,65,19.33,86,66,North America,98
Q4,0.0,94.32,-94.32,62,36.2,64,71,North America,46
Q2,6.67,5.35,1.32,47,3.54,98,7,North America,0
Q4,92.24,84.35,7.89,44,75.47,20,28,Europe,8
Q3,38.82,40.7,-1.88,77,19.37,60,79,South America,11
Q4,50.53,31.91,18.62,13,25.28,71,53,North America,70
Q2,50.91,55.11,-4.2,100,88.39,95,65,North America,67
Q1,61.71,6.98,54.73,22,84.58,14,39,Europe,60
Q4,51.68,5.64,46.04,24,12.74,55,83,North America,45
Q3,84.54,27.26,57.28,40,38.19,60,90,Europe,72
Q4,88.08,21.98,66.1,71,7.81,57,61,Asia,40
Q1,64.62,54.15,10.47,68,76.36,47,73,Asia,17
Q3,42.28,27.31,14.97,14,2.27,69,74,Europe,25
Q2,19.55,6.16,13.39,37,80.42,47,14,Europe,20
Q3,17.91,9.64,8.27,81,39.86,61,8,North America,54
Q4,60.53,79.85,-19.32,22,5.26,13,88,South America,7
Q4,69.11,10.96,58.15,30,32.49,99,68,Asia,26
Q3,48.57,66.95,-18.38,60,76.24,40,56,Europe,63
Q3,23.7,92.21,-68.51,2,57.67,48,8,North America,100
Q4,47.27,82.15,-34.88,71,62.41,38,83,North America,92
Q4,97.67,89.62,8.05,10,92.93,39,39,North America,66
Q3,89.12,99.79,-10.67,71,22.77,29,9,Asia,2
Q3,26.38,89.24,-62.86,36,62.86,16,5,Europe,71
Q2,32.73,28.79,3.94,51,15.66,100,30,South America,8
Q3,23.12,56.6,-33.48,5,82.55,34,17,South America,34
Q1,16.15,27.58,-11.43,79,17.86,51,34,South America,83
Q4,1.76,99.88,-98.12,7,4.78,68,37,South America,86
Q3,67.31,36.15,31.16,38,45.39,90,34,South America,99
Q4,72.45,48.0,24.45,13,44.53,76,51,North America,73
Q1,66.51,83.86,-17.35,94,35.62,74,98,Asia,55
Q4,58.71,87.99,-29.28,28,59.64,39,49,North America,67
Q3,71.16,18.16,53.0,100,88.93,12,70,South America,58
Q1,24.67,80.5,-55.83,100,52.49,23,9,North America,41
Q3,51.16,52.93,-1.77,80,28.47,28,23,Asia,98
Q3,72.6,0.34,72.26,86,47.46,64,67,Europe,90
Q2,37.07,34.06,3.01,69,83.79,57,14,Europe,21
Q3,94.43,93.31,1.12,91,62.99,33,86,Asia,53
Q2,81.74,28.87,52.87,61,9.19,89,22,North America,86
Q2,51.4,75.84,-24.44,36,62.74,36,94,South America,81
Q4,69.47,89.37,-19.9,9,81.83,55,0,Europe,68
Q3,99.81,25.43,74.38,38,41.03,11,100,Asia,95
Q2,61.15,33.28,27.87,35,82.09,43,39,Europe,14
Q2,14.02,21.33,-7.31,70,8.13,74,58,North America,77
Q2,86.75,38.29,48.46,94,47.59,74,85,North America,0
Q3,40.14,40.14,0.0,62,91.98,69,34,Europe,12
Q2,18.79,49.23,-30.44,82,2.52,10,16,North America,14
Q3,2.49,97.38,-94.89,40,97.44,98,48,South America,92
Q2,83.33,75.08,8.25,24,17.79,77,88,Asia,57
Q3,71.36,31.84,39.52,85,57.44,62,64,Europe,95
Q4,37.65,60.91,-23.26,49,51.0,54,0,North America,83
Q2,31.44,32.32,-0.88,50,48.97,63,80,Asia,82
Q4,33.62,58.84,-25.22,3,43.09,97,89,Asia,1
Q2,17.86,78.93,-61.07,58,48.69,52,87,South America,41
Q1,6.43,48.01,-41.58,90,31.5,56,15,Asia,36
Q4,54.23,97.08,-42.85,2,3.02,58,29,Europe,50
Q2,62.35,6.37,55.98,65,94.69,42,89,North America,64
Q4,99.45,29.77,69.68,96,96.13,22,47,South America,19
Q1,32.05,41.06,-9.01,52,55.21,53,67,Europe,26
Q1,4.4,75.43,-71.03,29,71.05,26,75,North America,24
Q3,27.33,89.0,-61.67,0,50.33,9,82,North America,82
Q4,26.03,94.98,-68.95,82,26.24,45,85,South America,44
Q3,18.75,73.0,-54.25,26,7.83,63,10,Asia,38
Q2,21.79,23.31,-1.52,70,56.53,67,66,Europe,20
Q4,15.44,38.83,-23.39,21,92.53,97,69,South America,39
Q3,48.53,23.62,24.91,66,16.5,99,90,Asia,35
Q2,99.53,64.53,35.0,50,17.39,52,67,South America,65
Q2,85.58,72.0,13.58,1,58.74,37,9,Europe,90
Q4,65.61,18.35,47.26,60,79.45,47,8,Asia,83
Q3,91.06,37.66,53.4,54,49.89,0,46,Asia,22
Q4,21.01,72.2,-51.19,13,26.08,53,9,South America,42
Q4,70.32,78.58,-8.26,94,45.13,5,25,North America,98
Q1,25.9,94.92,-69.02,0,84.64,66,42,Asia,66
Q3,57.22,64.25,-7.03,76,89.86,45,54,North America,62
Q1,39.76,77.77,-38.01,32,53.04,55,82,North America,8
Q1,83.05,34.46,48.59,65,53.09,63,13,Asia,46
Q4,91.63,27.77,63.86,67,71.5,21,57,North America,12
Q2,42.88,79.99,-37.11,64,61.63,47,96,Europe,45
Q2,39.76,55.93,-16.17,96,73.21,30,82,Europe,22
Q3,65.99,50.76,15.23,55,17.49,27,56,South America,44
Q4,41.83,31.09,10.74,100,83.12,10,65,Asia,37
Q3,86.24,75.71,10.53,37,20.53,6,95,North America,73
Q3,79.57,21.38,58.19,19,53.82,70,39,South America,85
Q1,44.71,87.54,-42.83,17,89.8,56,81,North America,99
Q2,50.04,16.56,33.48,1,79.15,98,70,North America,77
Q1,50.31,15.48,34.83,18,78.96,41,75,North America,81
Q4,22.72,22.84,-0.12,35,20.42,81,45,Europe,98
Q2,5.23,99.41,-94.18,11,38.29,74,62,North America,9
Q1,20.98,23.1,-2.12,40,26.68,69,21,Europe,12
Q3,10.72,95.32,-84.6,21,31.39,35,85,Europe,63
Q3,12.5,78.16,-65.66,38,50.88,43,38,North America,31
Q1,79.52,6.74,72.78,38,89.8,49,80,South America,3
Q2,40.46,6.68,33.78,2,14.54,3,8,South America,69
Q3,82.4,78.21,4.19,39,38.14,12,6,North America,28
Q1,66.56,27.87,38.69,97,32.0,13,60,Asia,17
Q4,3.27,97.92,-94.65,82,6.14,35,34,South America,45
Q4,85.8,30.7,55.1,26,0.44,37,92,North America,96
Q2,36.59,55.22,-18.63,52,10.57,20,30,South America,64
Q3,20.24,47.87,-27.63,44,12.84,31,12,South America,47
Q2,98.28,69.41,28.87,33,95.68,24,24,North America,69
Q2,78.34,31.92,46.42,24,18.8,72,22,Europe,1
Q1,46.09,59.18,-13.09,53,71.85,8,30,Asia,100
Q4,57.76,97.07,-39.31,84,88.87,39,38,Europe,82
Q3,36.13,27.51,8.62,88,24.87,18,79,North America,10
Q2,80.18,48.25,31.93,20,80.04,86,83,North America,82
Q1,84.68,52.71,31.97,73,29.54,27,25,Asia,1
Q4,21.65,66.92,-45.27,2,51.51,37,27,Europe,1
Q4,19.38,31.99,-12.61,55,87.15,64,17,South America,17
Q1,86.28,79.55,6.73,54,86.8,29,10,Asia,85
Q4,21.62,95.09,-73.47,87,55.86,82,36,Asia,1
Q2,56.66,91.7,-35.04,79,88.51,39,92,South America,85
Q1,79.04,27.14,51.9,57,25.63,55,77,North America,59
Q4,66.9,53.55,13.35,50,20.17,58,39,South America,95
Q1,76.0,25.36,50.64,16,83.39,46,83,North America,51
Q2,5.48,63.2,-57.72,13,59.97,23,7,Europe,54
Q1,13.03,51.28,-38.25,37,64.81,57,88,South America,90
Q4,66.87,82.69,-15.82,25,81.67,10,92,Asia,11
Q3,7.88,89.23,-81.35,89,48.25,11,23,Asia,62
Q1,96.02,26.79,69.23,91,89.27,73,46,Asia,3
Q2,11.9,94.27,-82.37,65,9.06,38,27,Asia,64
Q2,14.3,81.03,-66.73,79,88.47,70,14,South America,82
Q3,37.57,26.93,10.64,2,35.18,62,73,Asia,98
Q1,91.39,62.22,29.17,73,94.39,41,1,South America,49
Q1,34.0,19.03,14.97,77,21.84,31,77,Asia,27
Q1,71.43,16.15,55.28,54,3.14,33,16,Asia,98
Q3,50.38,59.93,-9.55,96,92.31,42,60,Asia,90
Q4,7.5,34.0,-26.5,56,96.13,35,80,South America,98
Q1,49.63,2.45,47.18,61,9.42,62,29,South America,12
Q4,63.78,27.87,35.91,38,74.83,83,8,South America,76
Q2,29.85,62.26,-32.41,26,26.17,51,26,North America,83
Q2,93.45,33.71,59.74,23,87.59,6,81,Asia,67
Q4,45.32,46.39,-1.07,68,6.48,26,58,Europe,42
Q4,52.79,50.57,2.22,4,17.51,90,3,South America,40
Q2,95.94,33.3,62.64,36,29.92,99,45,Asia,62
Q2,89.24,23.86,65.38,35,95.68,71,55,South America,95
Q3,42.3,75.62,-33.32,71,55.03,28,97,North America,60
Q4,0.54,62.01,-61.47,13,38.51,30,84,Asia,68
Q1,92.79,89.21,3.58,71,26.96,98,9,South America,96
Q2,79.26,74.31,4.95,72,55.78,82,0,Europe,15
Q2,60.66,69.28,-8.62,61,55.28,40,42,South America,94
Q1,6.78,17.36,-10.58,57,28.26,59,96,Asia,27
Q3,28.78,80.02,-51.24,31,91.66,48,80,North America,56
Q3,27.36,12.44,14.92,7,89.13,78,22,Asia,21
Q4,26.2,90.58,-64.38,10,0.22,94,98,North America,61
Q1,77.35,87.82,-10.47,55,31.92,92,65,Europe,25
Q3,69.82,29.06,40.76,31,33.57,86,91,Europe,54
Q1,19.11,96.9,-77.79,70,84.93,95,99,Europe,36
Q3,67.45,9.16,58.29,1,22.77,68,45,Asia,99
Q2,72.82,67.82,5.0,78,50.01,22,29,South America,76
Q4,88.48,74.62,13.86,94,1.2,4,36,North America,76
Q2,72.85,96.37,-23.52,21,36.74,82,94,South America,62
Q4,33.39,33.27,0.12,4,75.76,4,52,South America,42
Q2,3.27,58.83,-55.56,46,55.36,22,49,Asia,59
Q1,85.84,43.72,42.12,98,21.13,82,7,Europe,5
Q1,59.37,46.93,12.44,26,60.24,86,75,South America,57
Q3,96.29,76.79,19.5,42,33.96,44,51,North America,54
Q1,99.38,31.53,67.85,84,73.76,84,14,Asia,85
Q1,80.99,92.96,-11.97,89,60.95,65,67,North America,60
Q4,51.29,12.83,38.46,92,60.34,92,63,North America,92
Q1,60.47,15.12,45.35,54,56.3,66,72,Europe,61
Q4,44.84,15.33,29.51,61,47.66,19,40,Asia,34
Q2,62.57,63.86,-1.29,18,89.32,38,84,North America,17
Q1,96.53,10.83,85.7,94,43.27,5,33,Asia,74
Q3,86.78,59.12,27.66,93,68.19,57,41,South America,18
Q3,30.7,77.34,-46.64,60,88.39,54,11,North America,38
Q2,75.73,56.93,18.8,64,51.12,31,2,Asia,15
Q1,55.57,92.89,-37.32,6,25.79,98,97,North America,3
Q3,68.05,49.63,18.42,53,29.27,30,76,North America,89
Q2,9.29,60.64,-51.35,8,85.31,54,49,South America,32
Q1,93.74,23.28,70.46,3,5.61,60,56,Europe,12
Q1,11.12,58.79,-47.67,53,63.63,21,27,Europe,85
Q2,31.92,75.35,-43.43,78,56.61,35,71,Europe,46
Q4,64.33,29.8,34.53,7,34.1,23,83,Europe,94
Q1,8.55,95.94,-87.39,71,92.57,15,4,Asia,100
Q4,82.23,77.07,5.16,4,83.69,11,57,South America,90
Q3,72.3,45.67,26.63,15,59.56,94,72,South America,75
Q3,83.14,54.81,28.33,48,20.69,26,82,Asia,61
Q3,29.53,13.63,15.9,8,74.66,99,16,Asia,92
Q3,47.61,33.14,14.47,97,23.28,87,21,Asia,38
Q1,11.69,33.3,-21.61,96,10.0,97,59,North America,89
Q3,41.57,82.75,-41.18,10,21.2,95,63,South America,14
Q2,20.83,60.47,-39.64,17,32.11,36,11,Asia,57
Q3,27.06,6.66,20.4,25,44.99,82,94,Asia,19
Q1,51.71,86.34,-34.63,76,50.49,7,27,North America,33
Q2,24.82,88.24,-63.42,75,80.02,33,74,Europe,65
Q2,57.7,99.67,-41.97,94,41.34,6,10,Asia,5
Q2,81.67,24.69,56.98,43,70.02,99,38,South America,1
Q3,45.62,12.09,33.53,74,18.64,1,51,North America,95
Q1,72.18,43.14,29.04,91,16.08,6,13,South America,7
Q4,67.75,24.79,42.96,47,8.64,64,44,South America,56
Q4,65.32,24.25,41.07,30,35.61,52,69,North America,32
Q2,63.03,12.98,50.05,51,26.71,43,81,South America,90
Q3,22.29,58.95,-36.66,43,91.34,83,48,North America,49
Q1,72.22,12.46,59.76,26,61.98,93,78,North America,1
Q4,39.24,51.95,-12.71,48,21.4,6,60,Asia,66
Q1,30.84,27.65,3.19,60,87.27,54,59,Europe,32
Q2,90.78,68.23,22.55,30,2.19,54,48,Europe,43
Q2,30.34,54.44,-24.1,65,78.57,32,57,Europe,32
Q2,44.5,25.99,18.51,93,83.88,85,13,Europe,63
Q2,52.34,29.08,23.26,37,78.62,41,42,Asia,53
Q4,11.77,60.18,-48.41,89,71.32,45,30,Europe,53
Q1,20.54,88.38,-67.84,27,43.33,93,94,South America,3
Q1,44.57,1.14,43.43,78,85.48,94,49,North America,75
Q2,46.42,50.15,-3.73,26,33.62,41,34,Europe,92
Q1,40.4,25.19,15.21,66,72.53,60,97,South America,36
Q3,19.33,67.54,-48.21,71,75.14,52,32,Europe,82
Q2,43.43,29.37,14.06,70,4.71,32,29,Asia,89
Q3,81.42,24.21,57.21,15,19.35,32,18,South America,57
Q3,25.8,12.98,12.82,0,95.71,40,1,Europe,9
Q3,1.88,15.8,-13.92,77,50.82,100,98,South America,90
Q2,62.65,10.42,52.23,0,31.68,7,13,Europe,86
Q3,47.98,10.91,37.07,16,50.4,6,42,North America,94
Q4,78.66,44.87,33.79,95,97.98,16,41,Asia,93
Q1,76.68,47.5,29.18,78,74.17,45,2,North America,78
Q2,43.34,14.06,29.28,96,90.01,81,57,Europe,4
Q4,56.85,76.95,-20.1,35,17.45,22,95,South America,87
Q1,34.6,1.56,33.04,0,74.52,6,38,Europe,74
Q4,31.41,57.0,-25.59,84,81.2,86,75,North America,78
Q4,46.03,55.72,-9.69,58,4.83,69,16,North America,29
Q4,86.18,47.26,38.92,82,16.3,38,12,South America,83
Q4,8.07,99.99,-91.92,47,68.92,46,74,South America,32
Q1,40.63,14.46,26.17,74,43.43,71,19,North America,71
Q1,64.52,52.25,12.27,58,32.24,3,49,Europe,81
Q4,28.42,64.14,-35.72,1,71.86,85,74,South America,90
Q2,98.76,99.02,-0.26,23,45.12,29,84,South America,82
Q3,39.53,75.02,-35.49,40,73.12,22,40,Europe,100
Q2,99.8,88.8,11.0,68,10.47,14,0,South America,61
Q2,70.13,35.2,34.93,83,38.03,24,38,Europe,88
Q1,64.7,48.79,15.91,94,48.29,29,52,Asia,21
Q2,58.68,53.02,5.66,81,22.81,97,35,North America,43
Q4,6.0,73.54,-67.54,11,74.18,10,100,Europe,64
Q1,91.17,79.39,11.78,31,42.41,37,48,North America,23
Q3,16.33,74.18,-57.85,76,59.45,7,99,South America,87
Q2,22.48,48.56,-26.08,51,96.13,68,12,Europe,79
Q1,14.77,15.8,-1.03,15,4.99,0,39,North America,26
Q2,14.65,72.36,-57.71,24,45.04,0,6,Europe,45
Q2,27.2,35.17,-7.97,83,93.85,50,58,Asia,2
Q3,84.6,47.12,37.48,47,16.24,78,50,North America,100
Q1,47.61,52.34,-4.73,14,81.37,88,72,Asia,85
Q2,52.15,50.01,2.14,81,4.55,3,80,Europe,54
Q4,77.78,84.28,-6.5,10,10.45,62,9,South America,99
Q3,72.58,72.89,-0.31,4,35.71,28,33,South America,94
Q1,88.83,86.06,2.77,94,75.07,75,82,Europe,2
Q2,78.29,80.54,-2.25,40,1.91,76,99,South America,37
Q2,51.53,22.36,29.17,91,69.45,86,31,North America,70
Q2,46.09,6.3,39.79,30,77.78,63,32,South America,7
Q3,14.14,5.12,9.02,24,38.48,9,39,North America,58
Q4,49.46,88.55,-39.09,88,75.62,42,39,South America,37
Q4,33.9,65.07,-31.17,11,8.1,11,23,South America,3
Q1,17.6,82.76,-65.16,93,56.78,39,96,Europe,31
Q3,49.56,2.41,47.15,39,57.42,55,86,Asia,67
Q4,26.04,48.34,-22.3,96,71.5,36,7,South America,99
Q4,63.46,21.82,41.64,50,21.6,76,2,South America,83
Q2,2.5,52.71,-50.21,67,6.63,76,70,South America,77
Q1,64.51,64.44,0.07,99,74.09,22,72,South America,97
Q1,28.04,31.1,-3.06,28,98.65,95,62,Asia,20
Q3,43.08,60.51,-17.43,13,55.99,12,89,Europe,15
Q4,84.66,92.35,-7.69,58,90.51,1,90,Europe,44
Q3,23.41,57.86,-34.45,4,56.22,74,24,Asia,37
Q4,50.49,55.79,-5.3,98,95.87,58,2,North America,64
Q3,84.06,17.41,66.65,41,20.45,58,82,Europe,57
Q4,53.21,28.24,24.97,97,24.46,46,15,North America,40
Q3,94.44,1.95,92.49,53,10.92,57,57,Europe,42
Q4,20.72,36.82,-16.1,24,99.78,100,1,North America,61
Q3,70.2,34.97,35.23,17,15.58,12,43,North America,99
Q1,33.16,31.77,1.39,78,35.78,50,67,North America,47
Q2,77.47,93.96,-16.49,27,23.47,75,42,Europe,67
Q4,14.25,80.11,-65.86,2,69.86,39,33,South America,42
Q3,72.13,72.55,-0.42,4,73.01,87,96,Asia,35
Q1,53.58,50.02,3.56,18,24.25,44,42,Asia,13
Q1,6.44,50.2,-43.76,53,71.82,63,62,South America,96
Q3,91.76,55.57,36.19,55,6.6,5,80,Asia,69
Q2,82.66,8.21,74.45,15,89.1,93,88,North America,93
Q2,61.77,41.43,20.34,37,96.28,97,13,North America,21
Q3,12.11,81.89,-69.78,49,76.81,75,37,Europe,71
Q3,31.56,95.94,-64.38,92,97.58,8,33,Europe,67
Q3,77.49,97.06,-19.57,75,81.43,28,64,North America,22
Q3,59.85,37.57,22.28,30,11.29,64,71,Asia,38
Q2,35.65,61.95,-26.3,59,81.85,22,67,Europe,44
Q3,41.26,95.65,-54.39,98,19.38,56,27,South America,43
Q2,78.56,47.66,30.9,4,70.25,31,61,South America,33
Q2,52.19,67.66,-15.47,59,51.66,49,59,North America,98
Q3,30.97,16.07,14.9,46,41.42,75,32,Europe,81
Q1,2.27,22.86,-20.59,57,66.7,53,80,North America,73
Q1,84.56,15.65,68.91,85,79.99,19,67,North America,26
Q2,26.07,99.36,-73.29,12,2.79,92,79,Europe,30
Q3,45.28,47.4,-2.12,12,41.42,7,7,North America,10
Q1,45.35,79.19,-33.84,49,65.98,29,31,South America,87
Q2,60.76,9.91,50.85,93,13.12,43,39,Europe,75
Q3,19.41,36.14,-16.73,6,16.74,33,13,Asia,87
Q4,81.24,52.07,29.17,54,71.3,3,42,Europe,0
Q1,4.46,31.49,-27.03,87,59.36,64,38,North America,94
Q3,78.52,50.91,27.61,50,99.73,41,40,North America,26
Q3,26.22,79.41,-53.19,92,0.09,85,15,North America,68
Q4,19.13,0.8,18.33,85,74.16,46,51,Europe,49
Q3,54.72,4.19,50.53,20,16.67,82,45,North America,43
Q1,16.9,27.85,-10.95,69,57.31,25,71,South America,4
Q2,5.62,66.34,-60.72,28,78.26,19,34,Europe,21
Q1,31.36,61.3,-29.94,82,45.73,45,93,South America,94
Q4,49.3,73.97,-24.67,1,56.44,80,90,Asia,55
Q3,56.96,71.48,-14.52,13,56.93,65,3,South America,97
Q4,73.47,1.11,72.36,18,77.92,84,35,Europe,55
Q4,55.43,82.29,-26.86,17,38.7,42,35,North America,7
Q1,35.14,20.21,14.93,88,46.6,1,89,North America,25
Q2,15.42,76.21,-60.79,53,65.18,27,52,Asia,75
Q3,97.93,12.43,85.5,76,67.41,79,76,Asia,63
Q1,71.77,91.4,-19.63,66,2.91,25,1,Asia,87
Q1,39.25,85.46,-46.21,40,63.58,79,64,Europe,62
Q1,75.29,68.01,7.28,89,22.17,79,32,Europe,38
Q4,22.43,53.33,-30.9,66,91.76,33,94,North America,24
Q4,73.14,6.65,66.49,90,89.81,24,37,North America,25
Q2,95.0,5.35,89.65,9,36.83,9,20,Asia,67
Q1,93.34,11.09,82.25,94,7.43,39,16,Asia,32
Q3,33.75,88.68,-54.93,96,41.08,35,65,Europe,32
Q4,10.98,26.71,-15.73,24,9.47,2,98,Europe,48
Q2,14.16,59.45,-45.29,43,74.08,6,20,North America,71
Q4,75.35,44.77,30.58,73,12.67,21,84,North America,87
Q4,80.87,89.68,-8.81,42,24.6,1,13,South America,10
Q2,68.27,32.81,35.46,53,89.37,25,79,South America,73
Q4,42.27,18.44,23.83,62,2.45,51,95,South America,83
Q4,40.82,88.45,-47.63,74,30.2,7,56,South America,44
Q2,73.54,94.72,-21.18,78,45.53,65,92,South America,66
Q1,18.41,24.93,-6.52,30,12.79,63,34,South America,1
Q3,13.22,78.1,-64.88,13,21.44,85,0,South America,82
Q4,0.49,68.32,-67.83,78,21.05,68,91,North America,93
Q1,56.06,15.49,40.57,30,94.47,7,40,Europe,88
Q1,79.15,57.09,22.06,5,82.55,58,56,South America,68
Q4,50.36,43.67,6.69,9,10.78,7,2,Asia,75
Q1,71.54,93.45,-21.91,25,16.04,82,64,South America,78
Q2,81.72,84.35,-2.63,41,9.91,66,34,Europe,63
Q2,96.4,52.21,44.19,45,86.41,72,6,North America,85
Q1,92.13,52.3,39.83,47,87.1,4,23,North America,2
Q1,29.77,8.66,21.11,41,67.91,65,68,North America,60
Q3,22.42,90.18,-67.76,14,60.26,34,41,Asia,65
Q3,80.8,71.87,8.93,83,39.91,14,91,Asia,87
Q2,76.72,17.0,59.72,46,40.65,40,26,North America,88
Q3,51.6,82.02,-30.42,89,73.7,54,91,North America,69
Q1,25.22,69.12,-43.9,44,76.13,13,22,North America,88
Q1,86.38,89.5,-3.12,13,45.37,38,78,Europe,58
Q2,17.48,65.07,-47.59,1,55.56,32,77,Asia,37
Q4,4.77,12.63,-7.86,51,5.45,20,25,Asia,48
Q2,58.57,5.16,53.41,32,16.52,72,16,Asia,97
Q1,16.01,17.75,-1.74,91,22.1,60,4,North America,94
Q1,57.18,88.42,-31.24,32,84.54,46,11,North America,62
Q3,62.0,87.82,-25.82,1,53.03,28,56,North America,32
Q2,55.29,56.73,-1.44,93,51.1,84,43,North America,99
Q1,54.65,57.61,-2.96,94,91.33,3,48,Europe,97
Q1,49.43,35.39,14.04,82,36.36,43,37,South America,3
Q1,52.84,94.59,-41.75,97,27.63,48,75,Europe,45
Q2,99.33,88.7,10.63,33,24.97,8,74,North America,7
Q4,18.95,34.19,-15.24,31,62.98,38,4,Europe,72
Q2,19.15,84.88,-65.73,69,61.12,40,59,Asia,81
Q3,72.6,83.87,-11.27,93,20.41,36,79,Europe,81
Q1,29.2,11.01,18.19,54,74.85,68,90,South America,29
Q4,94.15,55.73,38.42,15,31.21,34,0,Europe,25
Q1,97.89,11.71,86.18,91,78.53,42,37,North America,8
Q3,61.1,79.52,-18.42,34,7.83,56,84,Asia,100
Q2,61.31,57.1,4.21,95,24.09,98,89,North America,28
Q1,33.88,17.51,16.37,52,11.39,50,66,Europe,33
Q1,11.76,40.89,-29.13,88,77.7,64,53,Europe,17
Q2,96.3,95.87,0.43,28,73.68,59,33,North America,25
Q2,73.91,18.34,55.57,35,35.43,12,41,South America,36
Q2,66.5,0.82,65.68,100,33.14,19,98,South America,48
Q3,76.17,12.88,63.29,77,6.09,97,6,South America,1
Q2,58.96,41.54,17.42,5,44.14,6,99,North America,94
Q2,99.33,32.63,66.7,14,48.76,88,81,Europe,50
Q4,81.39,74.38,7.01,7,71.61,53,91,Asia,30
Q4,56.63,34.57,22.06,50,61.18,88,20,Asia,3
Q4,54.12,59.76,-5.64,12,16.88,98,9,South America,9
Q2,17.16,54.89,-37.73,57,94.97,62,34,South America,17
Q3,4.18,12.84,-8.66,79,88.05,22,86,North America,49
Q2,95.92,54.32,41.6,72,40.17,16,66,Asia,3
Q4,77.89,18.17,59.72,79,81.85,16,35,North America,30
Q3,98.25,26.77,71.48,52,71.56,24,16,Europe,56
Q2,89.32,7.86,81.46,62,94.84,66,30,Asia,31
Q4,73.79,19.27,54.52,4,67.06,72,20,Europe,28
Q4,61.72,90.54,-28.82,99,32.35,10,51,Asia,46
Q1,47.12,71.85,-24.73,71,56.94,62,43,Asia,95
Q3,85.35,40.44,44.91,70,26.81,69,91,Asia,62
Q3,27.06,72.89,-45.83,90,93.25,27,97,North America,48
Q3,85.9,47.99,37.91,29,95.43,80,94,South America,32
Q4,53.95,48.31,5.64,34,96.83,87,79,Asia,20
Q3,56.27,96.26,-39.99,82,85.27,12,55,Europe,63
Q4,30.84,69.76,-38.92,75,81.11,7,18,South America,58
Q2,29.24,99.2,-69.96,63,69.63,52,61,North America,64
Q3,48.76,73.54,-24.78,37,13.8,2,61,Asia,15
Q2,47.77,52.45,-4.68,69,91.55,6,58,South America,65
Q2,71.16,35.21,35.95,11,63.83,30,18,South America,53
Q3,87.62,50.55,37.07,48,41.91,75,86,Asia,0
Q3,52.14,7.0,45.14,64,16.21,81,69,Europe,70
Q1,93.55,32.34,61.21,35,93.17,2,51,Asia,46
Q1,20.89,68.72,-47.83,54,8.3,53,7,Asia,82
Q4,2.31,62.78,-60.47,90,64.91,89,40,Europe,16
Q3,33.41,4.25,29.16,99,8.54,71,90,Europe,29
Q4,63.33,17.31,46.02,69,79.23,98,20,Europe,8
Q1,2.75,54.89,-52.14,20,33.55,52,55,North America,41
Q3,87.57,12.9,74.67,81,96.9,41,87,Asia,82
Q1,67.45,12.39,55.06,10,21.01,49,55,Asia,69
Q3,26.71,36.5,-9.79,87,38.34,90,59,South America,31
Q2,75.66,78.6,-2.94,82,7.07,37,21,Asia,61
Q4,49.14,8.53,40.61,24,79.47,56,43,Europe,13
Q4,74.78,65.15,9.63,50,93.51,7,20,South America,78
Q1,66.09,87.21,-21.12,30,84.27,64,35,Asia,73
Q2,48.71,27.01,21.7,30,44.68,16,42,South America,46
Q2,2.27,82.76,-80.49,74,93.51,61,74,Asia,13
Q4,24.76,22.92,1.84,82,33.81,35,65,Asia,76
Q1,81.94,71.32,10.62,37,2.5,19,32,North America,10
Q2,52.1,18.16,33.94,48,67.11,34,53,South America,69
Q4,27.17,34.63,-7.46,95,88.99,6,74,Asia,49
Q3,5.36,83.68,-78.32,60,49.19,66,24,North America,7
Q1,4.22,62.68,-58.46,85,76.97,14,41,North America,89
Q2,30.48,44.51,-14.03,16,74.66,83,25,Asia,68
Q2,62.97,18.05,44.92,13,40.82,10,28,South America,50
Q4,19.89,78.74,-58.85,92,59.58,52,54,Asia,25
Q4,28.41,45.46,-17.05,20,69.8,69,94,North America,86
Q4,73.39,4.24,69.15,1,38.26,7,100,Asia,74
Q4,11.82,40.94,-29.12,17,70.67,87,10,North America,45
Q2,12.2,61.6,-49.4,51,59.15,60,68,Europe,99
Q4,27.27,1.95,25.32,5,7.71,29,43,North America,66
Q1,87.15,12.87,74.28,16,91.87,37,58,South America,64
Q1,61.86,98.97,-37.11,44,97.88,16,99,Europe,79
Q3,44.7,60.43,-15.73,75,21.04,82,68,South America,33
Q2,5.17,75.2,-70.03,39,51.19,59,21,Asia,34
Q4,55.47,8.55,46.92,26,93.85,29,10,Europe,98
Q4,46.66,81.83,-35.17,90,11.21,35,85,Asia,81
Q1,39.47,2.06,37.41,81,56.22,63,44,North America,80
Q3,54.58,37.68,16.9,52,62.33,74,17,North America,66
Q4,87.31,65.29,22.02,47,29.18,44,94,South America,62
Q2,28.02,40.66,-12.64,61,31.14,49,71,North America,44
Q4,88.13,20.11,68.02,63,34.46,27,1,North America,34
Q4,86.4,61.27,25.13,30,73.27,38,54,North America,77
Q3,7.73,2.98,4.75,69,32.67,19,60,North America,35
Q1,17.14,36.91,-19.77,38,65.88,32,47,Asia,0
Q2,76.78,73.79,2.99,51,21.04,48,61,Asia,15
Q3,97.06,3.27,93.79,32,12.53,5,7,South America,26
Q4,97.35,24.81,72.54,33,77.36,88,34,North America,49
Q4,88.97,85.88,3.09,88,8.51,42,79,North America,73
Q1,90.94,43.33,47.61,49,27.47,33,56,North America,71
Q2,2.12,75.61,-73.49,88,92.84,63,84,North America,4
Q1,28.46,62.49,-34.03,71,21.12,19,61,South America,34
Q3,82.22,41.13,41.09,86,87.1,46,76,Asia,84
Q1,16.9,31.09,-14.19,85,2.72,21,7,Europe,96
Q1,33.24,73.86,-40.62,52,87.9,5,89,Asia,46
Q3,36.8,62.9,-26.1,37,42.63,21,9,Europe,42
Q2,29.18,63.81,-34.63,85,89.21,81,73,South America,100
Q1,57.19,36.71,20.48,27,22.62,4,29,South America,19
Q4,35.46,76.51,-41.05,25,59.04,59,85,Europe,73
Q4,21.79,24.53,-2.74,31,99.12,61,18,Europe,11
Q4,16.86,78.98,-62.12,74,96.18,30,63,Europe,4
Q4,1.99,40.32,-38.33,21,35.91,30,1,South America,97
Q4,44.98,79.36,-34.38,91,95.4,64,25,North America,57
Q4,46.07,16.61,29.46,58,58.56,91,9,South America,84
Q4,41.35,36.14,5.21,85,79.36,8,24,Asia,74
Q1,74.67,71.59,3.08,84,85.16,72,61,Asia,38
Q1,25.87,27.16,-1.29,21,32.57,7,99,Asia,25
Q1,31.14,66.9,-35.76,27,87.12,88,32,Asia,90
Q3,86.72,82.18,4.54,52,40.83,11,79,South America,58
Q2,47.03,21.96,25.07,82,98.01,90,93,Europe,84
Q1,13.86,95.21,-81.35,26,72.26,0,87,Europe,36
Q4,40.29,97.92,-57.63,23,91.06,7,21,South America,20
Q2,9.49,54.52,-45.03,2,20.4,42,89,North America,74
Q3,20.18,63.1,-42.92,57,42.03,18,10,Asia,13
Q2,90.2,43.49,46.71,93,93.94,10,58,Europe,13
Q4,56.07,20.85,35.22,33,88.86,28,59,Asia,58
Q2,99.83,22.85,76.98,68,10.13,10,96,North America,40
Q3,25.86,70.28,-44.42,19,62.74,63,57,North America,52
Q2,37.99,30.37,7.62,65,26.03,100,85,North America,78
Q4,20.67,96.98,-76.31,53,80.65,31,68,Europe,57
Q1,34.8,80.41,-45.61,18,59.73,52,43,North America,34
Q4,87.04,11.97,75.07,11,63.47,65,74,North America,41
Q1,35.74,78.83,-43.09,21,53.51,62,14,North America,31
Q3,45.77,23.43,22.34,79,39.48,10,98,North America,77
Q1,17.49,89.6,-72.11,76,77.34,67,33,Europe,6
Q4,30.01,53.33,-23.32,16,4.35,67,68,North America,97
Q3,77.86,81.45,-3.59,13,20.15,75,37,North America,78
Q2,74.32,69.3,5.02,86,78.61,1,89,North America,98
Q4,25.28,59.1,-33.82,45,60.09,21,79,South America,48
Q1,71.31,66.35,4.96,14,92.61,39,45,Europe,0
Q2,14.32,39.79,-25.47,10,91.99,29,31,North America,28
Q4,14.66,61.66,-47.0,8,56.86,9,31,North America,67
Q1,62.07,57.29,4.78,91,21.08,62,32,South America,8
Q4,3.06,35.36,-32.3,22,46.89,20,14,Asia,4
Q1,39.53,41.57,-2.04,0,50.55,46,13,South America,4
Q2,23.87,14.93,8.94,88,48.01,55,21,South America,58
Q4,39.34,74.08,-34.74,9,61.28,29,58,North America,34
Q4,50.03,18.5,31.53,62,42.65,13,71,South America,30
Q2,96.35,35.84,60.51,68,51.95,98,72,Europe,22
Q3,86.04,99.42,-13.38,34,78.42,34,76,Europe,18
Q1,67.33,77.49,-10.16,79,84.98,81,12,Asia,60
Q2,96.3,37.7,58.6,39,35.29,0,99,Asia,12
Q4,90.77,1.63,89.14,78,42.24,50,2,South America,34
Q2,85.95,86.39,-0.44,77,17.31,2,56,Europe,27
Q3,89.54,9.91,79.63,22,61.85,64,44,Asia,90
Q4,17.13,45.24,-28.11,93,85.27,3,35,South America,67
Q3,27.12,15.11,12.01,37,1.31,34,48,Asia,1
Q4,27.44,90.98,-63.54,36,80.76,75,50,North America,19
Q3,80.38,37.47,42.91,45,62.71,45,33,Europe,85
Q1,85.73,46.99,38.74,79,14.91,75,20,Asia,81
Q4,3.37,38.17,-34.8,46,31.51,44,4,South America,20
Q3,79.33,5.78,73.55,99,13.73,27,27,North America,45
Q4,65.84,65.38,0.46,16,21.08,75,14,South America,1
Q1,0.19,9.01,-8.82,93,68.29,22,66,Asia,67
Q4,71.76,8.52,63.24,71,0.94,22,96,South America,19
Q1,86.89,86.78,0.11,5,72.22,1,82,North America,60
Q2,25.76,19.13,6.63,78,30.16,79,3,South America,97
Q4,20.48,20.9,-0.42,50,28.78,90,93,Asia,97
Q4,89.64,35.88,53.76,6,67.31,66,68,Asia,13
Q4,84.96,31.58,53.38,82,26.62,77,31,Europe,14
Q4,84.4,94.85,-10.45,67,84.2,57,37,Europe,76
Q3,35.31,63.43,-28.12,96,60.42,58,32,Europe,45
Q1,15.9,27.9,-12.0,91,0.87,94,2,North America,59
Q1,8.01,78.02,-70.01,29,87.6,24,80,Europe,26
Q4,92.44,39.82,52.62,13,34.76,15,64,Europe,62
Q3,22.46,24.54,-2.08,23,20.64,50,18,Europe,81
Q3,35.21,85.62,-50.41,15,16.34,99,14,Europe,98
Q1,70.33,99.68,-29.35,74,37.07,74,77,Asia,66
Q1,14.61,44.78,-30.17,91,92.97,61,67,Europe,64
Q1,60.67,41.73,18.94,60,9.81,48,67,Asia,84
Q2,35.52,69.74,-34.22,7,21.98,8,7,South America,41
Q1,49.62,18.46,31.16,25,8.39,39,11,North America,78
Q2,78.6,40.83,37.77,71,69.75,28,32,Europe,80
Q2,68.2,90.86,-22.66,69,61.79,79,17,Asia,62
Q4,51.21,95.46,-44.25,69,60.29,64,93,Europe,31
Q4,36.82,92.39,-55.57,79,33.64,2,42,South America,97
Q3,52.69,49.38,3.31,42,1.49,41,83,South America,14
Q1,50.74,40.14,10.6,69,30.93,14,4,North America,1
Q1,79.68,50.74,28.94,83,48.16,60,16,Europe,52
Q1,80.75,2.9,77.85,78,74.22,9,74,South America,30
Q4,53.43,24.91,28.52,16,80.82,36,65,Europe,20
Q2,17.13,83.37,-66.24,16,47.33,87,91,Asia,85
Q1,23.25,80.52,-57.27,86,43.66,85,78,Asia,3
Q3,10.91,31.53,-20.62,0,29.16,81,80,North America,11
Q2,82.54,5.78,76.76,78,1.92,57,83,Asia,58
Q1,27.65,49.7,-22.05,50,87.42,62,38,North America,68
Q4,81.59,19.99,61.6,67,6.85,85,58,Europe,81
Q3,7.67,48.3,-40.63,76,24.2,88,48,Asia,41
Q1,52.82,91.96,-39.14,64,31.57,15,48,North America,49
Q1,26.78,89.56,-62.78,64,32.12,88,21,Asia,66
Q1,63.77,59.53,4.24,25,20.47,89,66,South America,17
Q3,33.78,14.47,19.31,63,12.61,93,74,North America,78
Q2,48.42,63.11,-14.69,50,81.06,22,50,North America,54
Q2,79.12,45.15,33.97,26,16.59,60,81,Asia,42
Q1,61.9,78.73,-16.83,65,98.51,34,36,Asia,37
Q4,34.27,83.38,-49.11,18,93.51,61,30,Asia,96
Q1,68.39,38.48,29.91,89,50.36,63,36,Europe,78
Q4,30.55,73.33,-42.78,99,86.12,94,98,Europe,60
Q3,54.7,85.92,-31.22,3,37.99,29,26,Asia,60
Q3,0.52,4.47,-3.95,79,86.82,55,13,South America,60
Q1,67.59,87.24,-19.65,65,38.15,92,66,North America,10
Q2,38.67,77.13,-38.46,7,94.76,73,37,Asia,9
Q2,30.97,85.39,-54.42,24,32.22,100,48,South America,90
Q3,41.22,60.26,-19.04,19,37.65,43,80,Asia,60
Q3,89.22,47.71,41.51,8,59.05,86,29,North America,11
Q3,58.57,68.83,-10.26,86,62.33,25,76,Europe,10
Q4,20.53,68.57,-48.04,60,45.07,78,64,Europe,76
Q4,67.89,33.51,34.38,82,53.32,19,54,South America,38
Q3,44.48,37.59,6.89,71,90.2,37,91,Asia,59
Q1,65.5,96.32,-30.82,56,16.04,54,38,Europe,15
Q2,54.41,81.8,-27.39,42,96.84,75,32,South America,50
Q2,55.81,55.5,0.31,10,46.07,1,100,Asia,84
Q3,41.89,74.67,-32.78,26,6.64,16,30,North America,53
Q1,64.97,84.06,-19.09,35,12.14,22,22,South America,28
Q4,34.5,77.12,-42.62,62,29.11,30,49,Europe,48
Q1,1.89,17.09,-15.2,59,65.51,73,96,North America,82
Q1,9.8,35.64,-25.84,6,63.03,0,6,South America,31
Q2,10.95,48.92,-37.97,19,85.22,13,71,South America,30
Q4,9.93,9.12,0.81,7,95.36,26,85,North America,22
Q3,22.18,52.84,-30.66,90,90.51,11,43,South America,73
Q2,33.65,90.36,-56.71,21,49.41,2,100,Europe,89
Q2,64.1,49.8,14.3,11,37.07,100,100,North America,91
Q4,76.74,0.64,76.1,25,32.02,48,89,Asia,75
Q4,56.71,5.23,51.48,56,75.18,29,59,Asia,69
Q3,40.67,65.53,-24.86,25,58.84,23,82,Europe,10
Q2,88.36,50.39,37.97,58,98.45,12,13,Asia,77
Q1,51.85,71.98,-20.13,98,29.67,72,29,Europe,62
Q1,48.78,16.22,32.56,5,50.81,96,29,South America,98
Q1,34.21,62.47,-28.26,76,44.01,79,5,Asia,21
Q2,35.81,38.08,-2.27,17,91.88,33,10,South America,9
Q4,12.64,93.02,-80.38,60,95.0,96,34,South America,71
Q3,51.04,37.04,14.0,0,80.83,98,41,South America,12
Q3,59.89,29.14,30.75,36,13.13,56,33,Asia,28
Q4,62.37,32.11,30.26,95,3.49,67,32,South America,94
Q3,45.86,24.2,21.66,23,48.89,72,46,Europe,42
Q2,80.81,22.89,57.92,84,28.37,69,9,Asia,47
Q3,14.61,82.42,-67.81,23,87.16,27,57,Asia,36
Q2,16.43,30.13,-13.7,29,64.33,33,79,North America,75
Q2,53.02,58.3,-5.28,15,42.41,89,21,Europe,49
Q3,50.8,50.58,0.22,58,52.39,63,60,North America,6
Q4,31.3,72.59,-41.29,2,92.87,56,60,Europe,82
